[
  {
    "id": "brickyard",
    "name": "Brickyard",
    "address": "1172 E Brickyard Rd, Salt Lake City, UT 84106",
    "lat": 40.7013493,
    "lng": -111.8581927
  },
  {
    "id": "west-valley-3500-s",
    "name": "West Valley 3500 S",
    "address": "3491 W 3500 S, West Valley, UT 84119",
    "lat": 40.6949131999999,
    "lng": -111.9741402
  },
  {
    "id": "magna-centennial",
    "name": "Magna (Centennial)",
    "address": "3420 S 5600 W, West Valley City, UT 84120",
    "lat": 40.6981647,
    "lng": -112.0263694
  },
  {
    "id": "taylorsville",
    "name": "Taylorsville",
    "address": "5345 S 4015 W, Taylorsville, UT 84129",
    "lat": 40.6543044999999,
    "lng": -111.9852543
  },
  {
    "id": "tooele",
    "name": "Tooele",
    "address": "250 N Main St, Tooele, UT 84074",
    "lat": 40.5355693,
    "lng": -112.2974605
  },
  {
    "id": "spanish-fork",
    "name": "Spanish Fork",
    "address": "652 N 800 E, Spanish Fork, UT 84660",
    "lat": 40.1181327,
    "lng": -111.6398019
  },
  {
    "id": "provo",
    "name": "Provo",
    "address": "460 N 900 E, Provo, UT 84606",
    "lat": 40.2402918,
    "lng": -111.6421309
  },
  {
    "id": "university",
    "name": "University",
    "address": "1259 S 800 E, Orem, UT 84097",
    "lat": 40.2745318,
    "lng": -111.6734317
  },
  {
    "id": "north-orem",
    "name": "North Orem",
    "address": "1585 N State St, Orem, UT 84057",
    "lat": 40.3256846,
    "lng": -111.7099542
  },
  {
    "id": "american-fork",
    "name": "American Fork",
    "address": "648 E State Rd, American Fork, UT 84003",
    "lat": 40.3715644,
    "lng": -111.7817744
  },
  {
    "id": "draper",
    "name": "Draper",
    "address": "12101 S State St, Draper, UT 84020",
    "lat": 40.5319141,
    "lng": -111.8907954
  },
  {
    "id": "riverton",
    "name": "Riverton",
    "address": "1777 W 12600 S, Riverton, UT  84065",
    "lat": 40.5208099,
    "lng": -111.9401391
  },
  {
    "id": "herriman",
    "name": "Herriman",
    "address": "13366 S Rosecrest Rd, Herriman, UT 84096",
    "lat": 40.5090684,
    "lng": -112.0266508
  },
  {
    "id": "south-jordan",
    "name": "South Jordan",
    "address": "3709 W South Jordan Pkwy, South Jordan, UT 84095",
    "lat": 40.5618142999999,
    "lng": -111.9790334
  },
  {
    "id": "west-jordan",
    "name": "West Jordan",
    "address": "7836 S Redwood Rd, West Jordan, UT 84088",
    "lat": 40.6082167,
    "lng": -111.9399528
  },
  {
    "id": "murray-van-winkle",
    "name": "Murray Van Winkle",
    "address": "5518 S Van Winkle, Murray, UT 84117",
    "lat": 40.6511157,
    "lng": -111.8515487
  },
  {
    "id": "sandy",
    "name": "Sandy",
    "address": "7990 S 1300 E, Sandy, UT 84094",
    "lat": 40.6063896,
    "lng": -111.8544118
  },
  {
    "id": "lehi",
    "name": "Lehi",
    "address": "1640 E 3500 N, Lehi, UT 84043",
    "lat": 40.430027,
    "lng": -111.8230682
  },
  {
    "id": "saratoga-springs",
    "name": "Saratoga Springs",
    "address": "1320 S Redwood Rd, Saratoga Springs, UT 84045",
    "lat": 40.7402648,
    "lng": -111.9395355
  },
  {
    "id": "cedar-city",
    "name": "Cedar City",
    "address": "1605 West Regency Rd, Cedar City, UT 84720",
    "lat": 37.6582953,
    "lng": -113.0827392
  },
  {
    "id": "st-george",
    "name": "St. George",
    "address": "484 N Mall Dr, St. George, UT 84790",
    "lat": 37.1168582,
    "lng": -113.5417871
  },
  {
    "id": "phoenix-northern-ave",
    "name": "Phoenix  Northern Ave",
    "address": "8021 N 35th Ave, Phoenix, AZ 85051",
    "lat": 33.5538951,
    "lng": -112.131937
  },
  {
    "id": "phoenix-east-thunderbird-32nd-2",
    "name": "Phoenix East Thunderbird & 32nd (2)",
    "address": "3131 E Thunderbird Rd, Phoenix, AZ 85032",
    "lat": 33.6097312,
    "lng": -112.0139719
  },
  {
    "id": "phoenix-west-thunderbird-43rd",
    "name": "Phoenix West Thunderbird & 43rd",
    "address": "4255 W Thunderbird Rd, Phoenix, AZ 85053",
    "lat": 33.6092141,
    "lng": -112.1502032
  },
  {
    "id": "tucson",
    "name": "Tucson",
    "address": "3920 E Grant Rd, Tucson, AZ, 85712",
    "lat": 32.2497118,
    "lng": -110.9085652
  },
  {
    "id": "chandler",
    "name": "Chandler",
    "address": "1200 N Alma School Rd. Chandler, AZ 85224",
    "lat": 33.3225964,
    "lng": -111.8605382
  },
  {
    "id": "ogden",
    "name": "Ogden",
    "address": "1150 Washington Blvd, Ogden, UT 84404",
    "lat": 41.245156,
    "lng": -111.967945
  },
  {
    "id": "clinton",
    "name": "Clinton",
    "address": "2642 N 200 W, Clinton, UT 84015",
    "lat": 41.1413182999999,
    "lng": -112.0299352
  },
  {
    "id": "layton",
    "name": "Layton",
    "address": "2076 N Main St, Layton, UT 84041",
    "lat": 41.0908729,
    "lng": -111.9998526
  },
  {
    "id": "kaysville",
    "name": "Kaysville",
    "address": "170 W 200 N, Kaysville, UT 84037",
    "lat": 41.0386577,
    "lng": -111.9412563
  },
  {
    "id": "bountiful",
    "name": "Bountiful",
    "address": "250 W 1500 S, Bountiful, UT, 84010",
    "lat": 40.8751706,
    "lng": -111.8866041
  },
  {
    "id": "indy-thompson-1",
    "name": "Indy Thompson (1)",
    "address": "5325 Thompson Rd, Indianapolis, IN 46237",
    "lat": 39.6965322,
    "lng": -86.0772405
  },
  {
    "id": "lafayette",
    "name": "Lafayette",
    "address": "3825 South St, Lafayette, IN 47905",
    "lat": 40.4136659,
    "lng": -86.8362174
  },
  {
    "id": "indy-eagle-creek-2",
    "name": "Indy Eagle Creek (2)",
    "address": "6965 W 38th St, Indianapolis, IN 46254",
    "lat": 39.8212013,
    "lng": -86.2817221
  },
  {
    "id": "indy-castleton",
    "name": "Indy Castleton",
    "address": "8315 Center Run Dr, Indianapolis, IN 46250",
    "lat": 39.9081306,
    "lng": -86.0566097999999
  },
  {
    "id": "wheaton",
    "name": "Wheaton",
    "address": "501 South County Farm Rd, Wheaton, IL 60187",
    "lat": 41.8607479,
    "lng": -88.1402713
  },
  {
    "id": "northbrook",
    "name": "Northbrook",
    "address": "4125 E Dundee Road, Northbrook, IL 60062",
    "lat": 42.1370142,
    "lng": -87.8818235999999
  },
  {
    "id": "crystal-lake",
    "name": "Crystal Lake",
    "address": "6120 Northwest Highway, Crystal Lake, IL 60014",
    "lat": 42.2274618,
    "lng": -88.3171378999999
  },
  {
    "id": "villa-park",
    "name": "Villa Park",
    "address": "300 W North Ave, Villa Park, IL 60181",
    "lat": 41.9073882,
    "lng": -87.9863611999999
  },
  {
    "id": "new-berlin",
    "name": "New Berlin",
    "address": "13995 W National Ave, New Berlin, WI 53151",
    "lat": 42.9846013,
    "lng": -88.0874827
  },
  {
    "id": "racine",
    "name": "Racine",
    "address": "5201 Washington Ave, Suite 4, Racine, WI 53406",
    "lat": 42.7171489,
    "lng": -87.8431572
  },
  {
    "id": "rockford",
    "name": "Rockford",
    "address": "2601 N Mulford RD, Unit A, Rockford, IL, 61114",
    "lat": 42.298884,
    "lng": -88.9977638
  },
  {
    "id": "joliet",
    "name": "Joliet",
    "address": "1590 N Larkin Ave, Joliet, IL 60435",
    "lat": 41.5508059,
    "lng": -88.1247851999999
  },
  {
    "id": "glendale-heights",
    "name": "Glendale Heights",
    "address": "125 Army Trail Rd, Glendale Heights, IL 60139",
    "lat": 41.937251,
    "lng": -88.0966399
  },
  {
    "id": "oswego",
    "name": "Oswego",
    "address": "3010 Route 34, Oswego, IL 60543",
    "lat": 41.6968477,
    "lng": -88.3152751
  },
  {
    "id": "matteson",
    "name": "Matteson",
    "address": "4011 Lincoln Highway, Matteson, IL 60443",
    "lat": 41.5038648,
    "lng": -87.714147
  },
  {
    "id": "greeley",
    "name": "Greeley",
    "address": "2325 23rd Ave, Greeley, CO 80634",
    "lat": 40.3996117,
    "lng": -104.717551
  },
  {
    "id": "thornton",
    "name": "Thornton",
    "address": "1420 E 104th Ave, Thornton, CO 80233",
    "lat": 39.8827031,
    "lng": -104.969867
  },
  {
    "id": "westminster-church-1",
    "name": "Westminster Church (1)",
    "address": "8543 Church Ranch Blvd, Westminster, CO 80021",
    "lat": 39.8807152,
    "lng": -105.0930303
  },
  {
    "id": "westminster-federal-2",
    "name": "Westminster Federal (2)",
    "address": "7353 Federal Blvd, Westminster, CO 80030",
    "lat": 39.8296721,
    "lng": -105.0274326
  },
  {
    "id": "westminster-zuni-3",
    "name": "Westminster Zuni (3)",
    "address": "12900 Zuni St, Westminster, CO 80234",
    "lat": 39.9303041999999,
    "lng": -105.01328
  },
  {
    "id": "longmont",
    "name": "Longmont",
    "address": "630 Pace Street, Longmont, CO, 80504",
    "lat": 40.1669405,
    "lng": -105.0741687
  },
  {
    "id": "lafayette-baseline",
    "name": "Lafayette-Baseline",
    "address": "480 US Highway 287, Lafayette, CO, 80025",
    "lat": 40.0015067,
    "lng": -105.1017767
  },
  {
    "id": "littleton",
    "name": "Littleton",
    "address": "8055 West Bowles Ave, #2R, Littleton, CO 80123",
    "lat": 39.6110584,
    "lng": -105.0883094
  },
  {
    "id": "aurora-quincy-a1",
    "name": "Aurora Quincy (A1)",
    "address": "16921 E Quincy Ave, Aurora, CO 80015",
    "lat": 39.640124,
    "lng": -104.7902234
  },
  {
    "id": "aurora-colfax-a2",
    "name": "Aurora Colfax (A2)",
    "address": "15200 E Colfax Ave, Aurora, CO 80011",
    "lat": 39.7378758,
    "lng": -104.8107843
  },
  {
    "id": "aurora-havana",
    "name": "Aurora Havana",
    "address": "1200 South Ironton Street, Aurora, CO 80012",
    "lat": 39.6944296,
    "lng": -104.8627922
  },
  {
    "id": "denver-jewell-djs",
    "name": "Denver Jewell (DJS)",
    "address": "1955 S Sheridan Blvd, Denver, CO 80227",
    "lat": 39.6811494,
    "lng": -105.0551935
  },
  {
    "id": "cos1-cheyenne",
    "name": "COS1 Cheyenne",
    "address": "455 E Cheyenne Mountain Blvd, Colorado Springs 80906",
    "lat": 38.7882409,
    "lng": -104.8208818
  },
  {
    "id": "cos2-nevada-ave",
    "name": "COS2 Nevada Ave",
    "address": "3020 N Nevada Ave, Colorado Springs, CO 80907",
    "lat": 38.8759283,
    "lng": -104.8219323
  },
  {
    "id": "cos3-north-powers",
    "name": "COS3 North Powers",
    "address": "5885 Palmer Park Blvd, Colorado Springs, CO 80915",
    "lat": 38.8561729,
    "lng": -104.7181507
  },
  {
    "id": "cos4-union",
    "name": "COS4 Union",
    "address": "7655 North Union Blvd, Colorado Springs, CO 80920",
    "lat": 38.9425538,
    "lng": -104.7734251
  },
  {
    "id": "centennial-willow-creek",
    "name": "Centennial Willow Creek",
    "address": "8200 S Quebec St, Centennial, CO 80112",
    "lat": 39.5681002,
    "lng": -104.9031152
  },
  {
    "id": "smoky-hill-centennial",
    "name": "Smoky Hill Centennial",
    "address": "20153 E Smoky Hill Rd, Centennial, CO 80015",
    "lat": 39.6120151999999,
    "lng": -104.7524585
  },
  {
    "id": "tulsa",
    "name": "Tulsa",
    "address": "7990 E 51st Street, Tulsa, OK 74145",
    "lat": 36.0885588,
    "lng": -95.8878385
  },
  {
    "id": "okc-penn",
    "name": "OKC Penn",
    "address": "2500 N Pennsylvania Ave, Oklahoma City, OK 73107",
    "lat": 35.4942739,
    "lng": -97.5461632
  },
  {
    "id": "okc-western",
    "name": "OKC Western",
    "address": "4106 S Western Ave, Oklahoma City, OK 73109",
    "lat": 35.4240498,
    "lng": -97.5283627
  },
  {
    "id": "omaha",
    "name": "Omaha",
    "address": "14445 W Center Rd, Omaha, NE 68144",
    "lat": 41.2322704,
    "lng": -96.1401849
  },
  {
    "id": "lincoln",
    "name": "Lincoln",
    "address": "4615 Vine Street, Lincoln, NE 68503",
    "lat": 40.8196412,
    "lng": -96.6560267
  },
  {
    "id": "bellevue",
    "name": "Bellevue",
    "address": "909 Fort Crook Road, Bellevue, NE, 68005",
    "lat": 41.1753682,
    "lng": -95.9242790999999
  }
]
